nome_empresa,endereco,cnpj,telefone
Streamline Cutting-Edge Metrics,Cidade Jardim Taquaril,06.251.378/0001-44,71 9843-4932
Deploy Customized Action-Items,Paquetá,46.812.037/0001-15,11 1722 9386
Iterate Intuitive E-Tailers,Nova Esperança,85.160.247/0001-28,+55 (081) 1747 2237
Iterate Best-Of-Breed Roi,Vila Antena Montanhês,12.976.403/0001-50,+55 (051) 2311 7482
Leverage Global Deliverables,Marçola,40.786.953/0001-41,+55 (051) 3896-2222
E-Enable B2B Roi,Marieta 2ª Seção,08.932.416/0001-50,+55 (081) 1196-3341
Exploit Dot-Com Niches,Etelvina Carneiro,79.845.632/0001-06,(084) 2092 7200
Iterate Dot-Com Functionalities,Vila Da Ária,13.685.029/0001-04,+55 61 2080 1097
Utilize User-Centric Applications,Delta,95.678.210/0001-40,0500-230-9958
E-Enable Cross-Media E-Commerce,São Bernardo,74.132.896/0001-07,+55 (051) 7135 3329
Enable Real-Time Action-Items,Conjunto Taquaril,83.576.290/0001-43,(061) 2621-6450
Grow Magnetic Applications,Vale Do Jatoba,65.920.841/0001-62,+55 41 8450-0063
Optimize Collaborative Networks,Camargos,41.369.702/0001-24,+55 11 8541 7820
Revolutionize Seamless Supply-Chains,Belmonte,54.028.136/0001-39,21 1594-6399
Exploit Interactive Models,Vila Nova Dos Milionarios,90.635.471/0001-69,+55 31 4589-9603
Leverage Cross-Media Vortals,Jardinópolis,65.143.902/0001-22,+55 71 9765-9467
Scale Viral Schemas,Coração Eucarístico,82.934.015/0001-91,0300-968-7480
Cultivate Intuitive Supply-Chains,Olaria,64.389.107/0001-56,(084) 5580 2938
Incubate Bricks-And-Clicks Eyeballs,Vila Santo Antônio Barroquinha,16.825.730/0001-61,+55 21 6717 7452
Maximize User-Centric Roi,Carmo,41.620.873/0001-84,+55 84 1478 8288
Harness Efficient Web-Readiness,Jardim Dos Comerciarios,78.103.694/0001-80,+55 61 6264-7291
Transition Real-Time Supply-Chains,Garças,47.915.280/0001-21,+55 (051) 2162-5022
Monetize Global Technologies,Jardim Montanhês,83.057.129/0001-63,(031) 2454-2896
Scale Global Supply-Chains,Vila Rica,65.741.290/0001-70,(041) 7675-3025
Iterate Cutting-Edge Models,Conjunto Capitão Eduardo,81.723.405/0001-50,(081) 5846 3402
